{"pdf文件": -0.06453852113757118, "内容": -0.06453852113757118, "需要使用pymupdf处理": -0.06453852113757118, "02_3d编程模型创新设计专项赛": 2.0149030205422647, "pdf": -0.06453852113757118, "03_2024年": 2.0149030205422647, "泰迪杯": 2.0149030205422647, "数据挖掘挑战赛竞赛通知": 2.0149030205422647, "第12届": 2.0149030205422647, "04_编程创作与信息学专项赛": 2.0149030205422647, "05_机器人工程设计专项赛": 2.0149030205422647, "06_极地资源勘探专项赛": 2.0149030205422647, "07_竞技机器人专项赛": 2.0149030205422647, "08_开源鸿蒙机器人专项赛": 2.0149030205422647, "09_人工智能综合创新专项赛": 2.0149030205422647, "10_三维程序创意设计专项赛": 2.0149030205422647, "11_生成式人工智能应用专项赛": 2.0149030205422647, "12_太空电梯工程设计专项赛": 2.0149030205422647, "13_太空探索智能机器人专项赛": 2.0149030205422647, "15_虚拟仿真平台创新设计专项赛": 2.0149030205422647, "17_智能数据采集装置设计专项赛": 2.0149030205422647, "18_智能芯片与计算思维专项赛": 2.0149030205422647}